num,title,topic,avatar,voice,head_corner,runtime_sec,full_vo,logo_top_right,outro,outro_takeaway,caption,hashtags,compliance_footer
1,Cops Don't Have to Read You Your Rights,Miranda Myth,Reggie,"speed 0.98×, tone *myth-busting, insider, calm*",Bottom-left,30,Movies lied to you. [pause] Police don't have to read you your rights the moment they arrest you. (beat) Miranda warnings are only required before they *question* you while you're in custody. So if they arrest you and never interrogate you? No Miranda needed — and the case doesn't just get thrown out. [pause] What Miranda actually protects is this: anything you say during a custodial interrogation *without* that warning may be kept out of court. Knowing the difference is the whole game.,"YES — persistent watermark, entire video",Large centered firm logo (no phone/CTA),,Miranda isn't what you think 🎬⚖️,#knowyourrights #miranda #lawtok #legaltips #criminaljustice,"General legal information, not legal advice. Laws vary by state. L and L Law Group, PLLC — Frisco, TX."
2,The One Question That Ends a Police Stop,Am I Free to Go?,Njeri,"speed 0.98×, tone *empowering, clear*",Top-left,29,"There's one sentence that instantly changes a police encounter. [pause] *'Am I being detained, or am I free to go?'* (beat) Here's why it works: legally, an encounter is either *consensual* — meaning you can walk away — or a *detention*, which requires the officer to have a real, articulable reason. [pause] Asking that question makes them pick a lane. If you're free to go, you can calmly leave. If you're detained, now you know it's serious — and you know to stay quiet.","YES — persistent watermark, entire video",Large centered firm logo (no phone/CTA),Memorize this sentence.,The question that makes them pick a lane 🚶‍♀️,#knowyourrights #policestop #lawtok #legaltips #detained,"General legal information, not legal advice. Laws vary by state. L and L Law Group, PLLC — Frisco, TX."
3,Police Are Legally Allowed to Lie to You,Interrogation Tactics,Reggie,"speed 0.97×, tone *conspiratorial, eye-opening*",Bottom-left,31,"This one shocks people: [pause] during an interrogation, police are *allowed to lie to you.* (beat) They can say they have your fingerprints. That a witness saw you. That your friend already confessed and blamed you. None of it has to be true. The Supreme Court has said these deceptions are generally legal. [pause] Why does it matter? Because false evidence makes innocent people confess to things they didn't do. That's not paranoia — it's one of the leading causes of wrongful convictions.","YES — persistent watermark, entire video",Large centered firm logo (no phone/CTA),Now you know the game.,Wait… that's legal?? 🤯,#interrogation #knowyourrights #wrongfulconviction #lawtok #truecrime,"General legal information, not legal advice. Laws vary by state. L and L Law Group, PLLC — Frisco, TX."
4,Silence Only Works If You Say It Out Loud,Invoking the Right,Njeri,"speed 0.98×, tone *counterintuitive, careful*",Top-left,30,"Here's a twist most people miss: [pause] just *being* silent doesn't fully protect you. (beat) The Supreme Court has said that to use your right to remain silent, you generally have to *invoke* it — out loud. Sitting there quietly can actually be used against you. [pause] The fix is simple. You say, clearly: *'I'm invoking my right to remain silent, and I want a lawyer.'* Then you stop talking. That one sentence flips the switch the Constitution gives you.","YES — persistent watermark, entire video",Large centered firm logo (no phone/CTA),Say the words. Then go quiet.,Silence has a password 🔒,#knowyourrights #righttoremainsilent #lawtok #legaltips #5thamendment,"General legal information, not legal advice. Laws vary by state. L and L Law Group, PLLC — Frisco, TX."
5,You Can Say No to a Search,Consent,Reggie,"speed 1.0×, tone *empowering, matter-of-fact*",Bottom-left,29,"*'Mind if I take a look?'* [pause] That's a request — which means you're allowed to say no. (beat) If police don't have a warrant or probable cause, they often ask for *consent*, because consent lets them skip both. [pause] You can calmly say: *'I don't consent to any searches.'* That's not an admission of guilt — the courts have made clear that refusing a search can't, by itself, be used to prove you did something wrong. Being polite and being firm are not opposites.","YES — persistent watermark, entire video",Large centered firm logo (no phone/CTA),Polite and firm. Both.,"""No"" is a complete sentence 🚫🔦",#knowyourrights #4thamendment #consent #lawtok #legaltips,"General legal information, not legal advice. Laws vary by state. L and L Law Group, PLLC — Frisco, TX."
6,"Yes, You Can Record the Police",First Amendment,Njeri,"speed 0.99×, tone *confident, rights-forward*",Top-left,30,"Can you legally record the police? [pause] In public, doing their job — generally, yes. (beat) Courts across the country have recognized that recording officers is protected by the First Amendment. It's how accountability works. [pause] A few common-sense limits: don't physically interfere, don't trespass, and follow lawful orders about *where* you stand. But you don't have to stop filming just because you're told to. Keep your distance, keep it steady, and keep it rolling.","YES — persistent watermark, entire video",Large centered firm logo (no phone/CTA),Accountability is a right.,Keep it rolling 🎥,#firstamendment #knowyourrights #recordthepolice #lawtok #accountability,"General legal information, not legal advice. Laws vary by state. L and L Law Group, PLLC — Frisco, TX."
7,Reasonable Suspicion vs. Probable Cause,The Two Thresholds,Reggie,"speed 0.98×, tone *teacherly, clarifying*",Bottom-left,31,"Police need different levels of proof for different things — and mixing them up costs people their rights. [pause] Level one: *reasonable suspicion.* A specific, articulable hunch that something's up. It lets an officer briefly *stop* you. (beat) Level two: *probable cause.* A fair likelihood that a crime occurred. That's the bar to *arrest* you or *search* — and it's much higher. [pause] So a stop isn't an arrest, and a hunch isn't proof. When officers blur that line, that's exactly where cases get challenged.","YES — persistent watermark, entire video",Large centered firm logo (no phone/CTA),Two bars. Know both.,Stop ≠ arrest. Hunch ≠ proof. 📊,#knowyourrights #4thamendment #lawtok #legaltips #criminaljustice,"General legal information, not legal advice. Laws vary by state. L and L Law Group, PLLC — Frisco, TX."
8,Can Police Search Your Car?,The Automobile Exception,Njeri,"speed 0.98×, tone *clarifying, practical*",Top-left,30,"Your car doesn't get the same privacy as your home. [pause] There's something called the *automobile exception*: if police have probable cause to believe there's evidence of a crime inside, they can generally search it — no warrant required. (beat) *But* — being pulled over for a broken taillight isn't automatically probable cause to tear your car apart. [pause] And you're still allowed to say you don't consent. Consent and probable cause are different doors, and knowing which one they're using matters.","YES — persistent watermark, entire video",Large centered firm logo (no phone/CTA),Know which door they're using.,A ticket isn't a search warrant 🚗🔒,#knowyourrights #4thamendment #carsearch #lawtok #legaltips,"General legal information, not legal advice. Laws vary by state. L and L Law Group, PLLC — Frisco, TX."
9,The Supreme Court Protects Your Phone,Riley v. California,Reggie,"speed 0.98×, tone *authoritative, reassuring*",Bottom-left,30,"The phone in your pocket holds your whole life — and the Supreme Court noticed. [pause] In a case called *Riley v. California*, the Court ruled that police generally need a *warrant* to search your phone, even after an arrest. (beat) Why? Because a smartphone isn't like a wallet — it's your messages, photos, location history, everything. The justices called it a window into your entire private world. [pause] There are narrow emergencies, but the default is clear: get a warrant. Your digital life has constitutional walls.","YES — persistent watermark, entire video",Large centered firm logo (no phone/CTA),Your data has walls.,SCOTUS built a wall around your phone 📱🧱,#4thamendment #riley #knowyourrights #lawtok #privacy,"General legal information, not legal advice. Laws vary by state. L and L Law Group, PLLC — Frisco, TX."
10,When Police Can Enter Your Home Without a Warrant,Exigent Circumstances,Njeri,"speed 0.98×, tone *serious, clarifying*",Top-left,31,"Your home has the strongest privacy protection in the Constitution. [pause] Generally, police need a *warrant* to come inside. But there are exceptions — and they're worth knowing. (beat) One: you let them in — that's consent. Two: they're chasing someone in *hot pursuit.* Three: a true emergency — *exigent circumstances* — like someone screaming for help or evidence being destroyed right then. [pause] Outside those, 'we'd like to come in' is a request. And at your own front door, you're allowed to say no.","YES — persistent watermark, entire video",Large centered firm logo (no phone/CTA),"Your door, your call.",3 ways they can come in — and every other way they can't 🚪,#4thamendment #knowyourrights #lawtok #legaltips,"General legal information, not legal advice. Laws vary by state. L and L Law Group, PLLC — Frisco, TX."
11,Misdemeanor vs. Felony — The Real Difference,Charge Levels,Reggie,"speed 0.99×, tone *clear, explainer*",Bottom-left,29,"Misdemeanor or felony — what actually separates them? [pause] The simplest rule of thumb: it's about the *maximum punishment.* Generally, if a crime can be punished by more than a year of incarceration, it's a felony. Less than that, usually a misdemeanor. (beat) But the real difference is what comes *after.* [pause] A felony can affect voting, gun rights, jobs, and housing for years. Same act, different label — and the label can echo for a lifetime.","YES — persistent watermark, entire video",Large centered firm logo (no phone/CTA),The label outlives the case.,One year is the magic line ⚖️,#knowyourrights #felony #misdemeanor #lawtok #criminaljustice,"General legal information, not legal advice. Laws vary by state. L and L Law Group, PLLC — Frisco, TX."
12,What 'Beyond a Reasonable Doubt' Really Means,The Highest Standard,Njeri,"speed 0.98×, tone *thoughtful, illuminating*",Top-left,30,"In a criminal trial, the government has to prove guilt *beyond a reasonable doubt.* [pause] But what does that actually mean? (beat) It doesn't mean beyond *all* doubt — nothing human is that certain. It means the proof has to be so strong that a reasonable person would have no real doubt about it. [pause] It's the highest standard in our entire legal system — far higher than the 'more likely than not' used in civil cases. The reason? It's built to protect the innocent. Better to make the State work than to convict someone who might be innocent.","YES — persistent watermark, entire video",Large centered firm logo (no phone/CTA),Built to protect the innocent.,The highest bar in all of law 🥃⚖️,#knowyourrights #reasonabledoubt #lawtok #jurorduty #criminaljustice,"General legal information, not legal advice. Laws vary by state. L and L Law Group, PLLC — Frisco, TX."
13,"Arrested, Charged, Convicted — Three Different Things",The Stages,Reggie,"speed 0.99×, tone *clarifying, steadying*",Bottom-left,30,"Arrested. Charged. Convicted. [pause] People treat these like the same word — they're not even close. (beat) *Arrested* means police detained you on suspicion. *Charged* means a prosecutor formally accused you. *Convicted* means a judge or jury found you guilty. [pause] Only the last one means the system decided you actually did it. Everything before that is still a presumption of *innocence.* That's not a technicality — it's the entire foundation. An arrest is an accusation, not a verdict.","YES — persistent watermark, entire video",Large centered firm logo (no phone/CTA),Accusation ≠ verdict.,Arrested ≠ guilty. Say it louder. 👏,#knowyourrights #presumedinnocent #lawtok #criminaljustice #dueprocess,"General legal information, not legal advice. Laws vary by state. L and L Law Group, PLLC — Frisco, TX."
14,Bail vs. Bond — What's the Difference?,Getting Out,Njeri,"speed 0.99×, tone *practical, demystifying*",Top-left,30,"Bail and bond get used like the same thing — but they're two different pieces. [pause] *Bail* is the amount a court sets to let someone out while their case is pending. (beat) A *bond* is a way to cover that amount — often through a bail bond company that posts it for a fee. [pause] And here's the part people miss: bail isn't punishment. It's meant to make sure you come back to court — not to decide guilt. Which is exactly why, when it's set too high to pay, it can be challenged.","YES — persistent watermark, entire video",Large centered firm logo (no phone/CTA),Not punishment — a promise to return.,Bail = the number. Bond = how it's paid. 🧩,#knowyourrights #bail #bond #lawtok #legaltips,"General legal information, not legal advice. Laws vary by state. L and L Law Group, PLLC — Frisco, TX."
15,What Actually Happens at an Arraignment,First Court Date,Reggie,"speed 0.99×, tone *reassuring, guide*",Bottom-left,30,"The first court date after an arrest is called an *arraignment* — and it's less dramatic than TV makes it look. [pause] Here's what usually happens. (beat) The court formally tells you the charges. You're advised of your rights, including the right to an attorney. And you enter a plea — usually 'not guilty' at this early stage, which keeps every option open. [pause] The judge may also address bail. That's mostly it. It's not the trial. It's the system officially saying: here's what you're accused of — now the process begins.","YES — persistent watermark, entire video",Large centered firm logo (no phone/CTA),"Step one, not the verdict.","Your first court date, explained 🏛️",#knowyourrights #arraignment #lawtok #legaltips #criminaljustice,"General legal information, not legal advice. Laws vary by state. L and L Law Group, PLLC — Frisco, TX."
16,Every Crime Has a Clock,Statute of Limitations,Njeri,"speed 0.98×, tone *intriguing, ""did you know""*",Top-left,30,"Most crimes come with a hidden countdown clock. [pause] It's called the *statute of limitations* — a deadline for the government to actually file charges. (beat) If they miss it, they generally lose the ability to prosecute, no matter what. The idea is fairness: evidence fades, memories blur, and people shouldn't live under a threat forever. [pause] But here's the twist — the most serious crimes, like murder, often have *no* time limit at all. And the clock can pause if someone flees. Time is a bigger player in the law than most people realize.","YES — persistent watermark, entire video",Large centered firm logo (no phone/CTA),Time runs the law.,Every case has a countdown ⏳,#knowyourrights #statuteoflimitations #lawtok #legaltips #didyouknow,"General legal information, not legal advice. Laws vary by state. L and L Law Group, PLLC — Frisco, TX."
17,The Rule That Can Delete Evidence,Exclusionary Rule,Reggie,"speed 0.98×, tone *dramatic, revealing*",Bottom-left,31,"There's a rule that can make even real evidence *disappear* from a case. [pause] It's called the *exclusionary rule.* (beat) If police get evidence by violating your constitutional rights — an illegal search, an illegal stop — a court can refuse to let the government use it. [pause] And it goes further: anything they *found because* of that violation can be tossed too. Lawyers call it 'fruit of the poisonous tree.' [pause] Why let guilty-looking evidence vanish? Because it's the main thing that makes the government follow the rules in the first place.","YES — persistent watermark, entire video",Large centered firm logo (no phone/CTA),Rules exist because of this.,The rule that deletes evidence 🌳⚖️,#knowyourrights #exclusionaryrule #4thamendment #lawtok #criminaljustice,"General legal information, not legal advice. Laws vary by state. L and L Law Group, PLLC — Frisco, TX."
18,Almost No One Actually Goes to Trial,The Plea System,Njeri,"speed 0.98×, tone *eye-opening, sobering*",Top-left,30,"Picture a criminal case and you probably imagine a dramatic trial. [pause] Reality? The overwhelming majority of convictions — often around ninety-five percent — come from *plea deals,* not trials. (beat) A plea deal is an agreement: you plead guilty, usually to a lesser charge or a lighter sentence, and skip the trial. [pause] It keeps the system moving — but it also means most people never get their day in court. That's why understanding a plea *before* accepting it matters so much. The fast path and the fair path aren't always the same.","YES — persistent watermark, entire video",Large centered firm logo (no phone/CTA),Fast isn't always fair.,95% never see a trial 😳,#knowyourrights #pleadeal #lawtok #criminaljustice #legaltips,"General legal information, not legal advice. Laws vary by state. L and L Law Group, PLLC — Frisco, TX."
19,You Have a Right to a Lawyer — Even If You Can't Pay,Gideon,Reggie,"speed 0.98×, tone *inspiring, foundational*",Bottom-left,30,"One of the most important rights you have costs nothing to use. [pause] If you're facing criminal charges and can't afford a lawyer, one must be provided for you. (beat) It comes from a case called *Gideon v. Wainwright* — a man who was too poor to hire an attorney, convicted, and the Supreme Court said: that's not justice. [pause] So today, that's the public defender's job. Fair warning — they're often overworked. But the *right* itself is bedrock: no one should face the power of the government alone just because of their bank account.","YES — persistent watermark, entire video",Large centered firm logo (no phone/CTA),Justice isn't for sale.,This right costs nothing 🤝,#knowyourrights #gideon #6thamendment #lawtok #righttocounsel,"General legal information, not legal advice. Laws vary by state. L and L Law Group, PLLC — Frisco, TX."
20,Double Jeopardy — And Its Sneaky Loophole,Tried Twice?,Njeri,"speed 0.98×, tone *intriguing, twisty*",Top-left,31,"You've heard of *double jeopardy* — but there's a loophole that surprises everyone. [pause] The rule: the government generally can't try you twice for the *same offense* after an acquittal. Once a jury says not guilty, that door is closed. (beat) But here's the catch. The federal government and a state government are considered *separate sovereigns.* [pause] So in some cases, being acquitted in state court doesn't automatically block a *federal* prosecution for related conduct. Same act, two different governments. The protection is real — but it has an edge most people never learn.","YES — persistent watermark, entire video",Large centered firm logo (no phone/CTA),One act. Two sovereigns.,The double jeopardy loophole 😮,#knowyourrights #doublejeopardy #lawtok #legaltips #didyouknow,"General legal information, not legal advice. Laws vary by state. L and L Law Group, PLLC — Frisco, TX."
21,What Makes a Search Warrant Actually Valid,The Fine Print,Reggie,"speed 0.98×, tone *precise, insider*",Bottom-left,31,"A search warrant isn't magic paper — it has strict requirements, and each one can be challenged. [pause] Three big ones. (beat) First: *probable cause* — real facts, not a hunch. Second: a *neutral judge* has to approve it — not the officers investigating you. Third: *particularity* — it has to describe the specific place to search and things to seize. [pause] A warrant for your garage isn't a warrant for your bedroom. When any of those pieces is missing or overbroad, the search behind it can fall apart. The details aren't technicalities — they're the whole protection.","YES — persistent watermark, entire video",Large centered firm logo (no phone/CTA),The fine print is the point.,Warrants have fine print for a reason 📜🔍,#knowyourrights #4thamendment #searchwarrant #lawtok #legaltips,"General legal information, not legal advice. Laws vary by state. L and L Law Group, PLLC — Frisco, TX."
22,Why Driving Means You Already 'Consented',Implied Consent,Njeri,"speed 0.98×, tone *informative, real-talk*",Top-left,30,"Here's something buried in the fine print of your driver's license: [pause] in most states, getting one means you *already agreed* to chemical testing if you're lawfully arrested for impaired driving. (beat) It's called *implied consent.* Refusing a breath or blood test can carry its own penalty — like an automatic license suspension — separate from any criminal case. [pause] The rules vary a lot by state, and courts have added nuance about warrants for blood draws. The point isn't fear — it's that a big decision at the roadside is one you technically signed up for long before.","YES — persistent watermark, entire video",Large centered firm logo (no phone/CTA),You signed up years ago.,You already agreed (and didn't know it) 🚗📄,#knowyourrights #impliedconsent #dwi #lawtok #legaltips,"General legal information, not legal advice. Laws vary by state. L and L Law Group, PLLC — Frisco, TX."
23,How 12 Strangers Decide Everything,The Jury,Reggie,"speed 0.98×, tone *civic, fascinating*",Bottom-left,31,"In a criminal trial, your fate can rest on twelve strangers who've never met you. [pause] And here's the striking part: to convict, they generally have to agree *unanimously.* Every single one. (beat) If even one juror isn't convinced beyond a reasonable doubt, they can't be forced to change their vote — and the result can be a 'hung jury.' [pause] That's not a flaw. It's designed that way. It takes the full weight of a community to take someone's freedom. Twelve people, one voice required. That's a lot of protection built into a single room.","YES — persistent watermark, entire video",Large centered firm logo (no phone/CTA),One room. Twelve voices.,One juror can change everything 👥⚖️,#knowyourrights #jury #lawtok #criminaljustice #civics,"General legal information, not legal advice. Laws vary by state. L and L Law Group, PLLC — Frisco, TX."
24,You Have a Right to a Speedy Trial,The Clock on the Government,Njeri,"speed 0.98×, tone *empowering, foundational*",Top-left,30,"Once you're charged, the government doesn't get unlimited time to bring you to trial. [pause] You have a constitutional right to a *speedy trial.* (beat) The idea is fairness: no one should sit under a cloud of charges forever — losing jobs, freedom, and peace of mind — while the case just… drifts. [pause] What counts as 'too long' depends on the reasons for the delay and whether it actually harmed the defense. It's not a stopwatch with an exact number. But it's a powerful principle: the clock runs on *them,* too.","YES — persistent watermark, entire video",Large centered firm logo (no phone/CTA),Justice delayed is limited.,The government has a deadline too ⏱️,#knowyourrights #speedytrial #6thamendment #lawtok #legaltips,"General legal information, not legal advice. Laws vary by state. L and L Law Group, PLLC — Frisco, TX."
25,A Record Isn't Always Forever,Expungement & Sealing,Reggie,"speed 0.98×, tone *hopeful, second-chance*",Bottom-left,31,"A criminal record can feel like a permanent shadow — but in many cases, it doesn't have to be. [pause] Depending on where you live and what happened, there may be a legal path to *expunge* — erase — or *seal* certain records. (beat) Expungement generally wipes it like it never happened. Sealing hides it from the public while keeping it visible to law enforcement. [pause] Eligibility varies enormously by state and by charge — dismissals and certain older offenses are the most common candidates. The takeaway: a past mistake isn't automatically a life sentence. Second chances can be built into the law itself.","YES — persistent watermark, entire video",Large centered firm logo (no phone/CTA),Second chances exist in the law.,Your record might not be forever 🔓✨,#knowyourrights #expungement #secondchance #lawtok #legaltips,"General legal information, not legal advice. Laws vary by state. L and L Law Group, PLLC — Frisco, TX."
